,feature,data_type,min_digits,max_digits,row_count,notnull_count,distinct_count,top_values,top_freqs,min,percentiles,max,mean,std,lower_95_ci,upper_95_ci,sum,missing_rate,zero_rate,pos_rate,neg_rate
Unnamed: 0,Unnamed: 0,int64,1,6,120000,120000,120000,[ 2047 42302 50482 52531],[1 1 1 1],1,[ 37867.75  75703.   113417.25],151112,75639.1336,43619.70287808811,75392.33189745338,75885.93530254663,9076696032,0.0,0.0,1.0,0.0
user_id,user_id,int64,1,6,120000,120000,120000,[264191 104344 333704 335753],[1 1 1 1],2,[100925.5 200037.5 300395.5],400000,200320.2801,115361.9459351632,199667.55844470893,200973.00175529107,24038433612,0.0,0.0,1.0,0.0
purchase_value,purchase_value,int64,1,3,120000,120000,120,[28 24 27 32],[2621 2537 2523 2500],9,[22. 34. 49.],154,36.881475,18.325854926824334,36.77778671470371,36.985163285296295,4425777,0.0,0.0,1.0,0.0
age,age,int64,2,2,120000,120000,57,[32 31 33 30],[5340 5228 5193 5074],18,[27. 33. 39.],76,33.12525,8.61708078304495,33.076494275684745,33.17400572431526,3975030,0.0,0.0,1.0,0.0
ip_address,ip_address,float64,9,18,120000,120000,114134,[3.87475762e+09 1.50281842e+09 5.76060872e+08 2.58666938e+09],[19 17 17 16],93447.13896,[1.08534481e+09 2.15523821e+09 3.24126807e+09],4294850500.0,2151549769.765698,1248314063.3019054,2144486768.0529885,2158612771.4784074,258185972371882.78,0.0,0.0,1.0,0.0
class,class,int64,1,1,120000,120000,2,[0 1],[108735  11265],0,[0. 0. 0.],1,0.093875,0.2916559501109097,0.09222480111518856,0.09552519888481144,11265,0.0,0.906125,0.093875,0.0
